mrc_on_201718,mrc_off_201718,mrc_on_201819,mrc_off_201819,mrc_on_201920,mrc_off_201920,mrc_on_202021,mrc_off_202021,mrc_on_202122,mrc_off_202122,mrc_on_202223,mrc_off_202223,mrc_on_202324,mrc_off_202324,trust_code,trust_name,mrc_total_201718,mrc_total_201819,mrc_total_201920,mrc_total_202021,mrc_total_202122,mrc_total_202223,mrc_total_202324
3612846.0,203096.0,2871339.0,145631.0,3285737.0,277200.0,3285787.0,458075.0,4875116.0,438847.0,5629069.0,296103.0,5557232.0,524104.0,R0A,MANCHESTER UNIVERSITY NHS FOUNDATION TRUST,3815942.0,3016970.0,3562937.0,3743862.0,5313963.0,5925172.0,6081336.0
155193.0,107682.0,169347.0,118345.0,184588.0,128996.0,201201.0,140606.0,0.0,0.0,0.0,0.0,0.0,0.0,R1A,WORCESTERSHIRE HEALTH AND CARE NHS TRUST,262875.0,287692.0,313584.0,341807.0,0.0,0.0,0.0
53002.0,71981.0,39584.0,83204.0,61596.0,66826.0,27673.0,63516.0,41186.0,62072.0,15703.0,66994.0,31174.0,62480.0,R1C,SOLENT NHS TRUST,124983.0,122788.0,128422.0,91189.0,103258.0,82697.0,93654.0
54090.0,55177.0,60990.0,65359.0,62121.0,70334.0,68374.0,91564.0,61731.0,53875.0,44528.0,67100.0,22629.0,70135.0,R1D,SHROPSHIRE COMMUNITY HEALTH NHS TRUST,109267.0,126349.0,132455.0,159938.0,115606.0,111628.0,92764.0
832889.0,0.0,864334.0,20000.0,954718.0,0.0,145841.0,199070.0,135173.0,204968.0,123683.0,227514.0,123683.0,1398640.0,R1F,ISLE OF WIGHT NHS TRUST,832889.0,884334.0,954718.0,344911.0,340141.0,351197.0,1522323.0
247500.0,1783700.0,5620388.0,2380986.0,5817102.0,2404796.0,5486225.0,2501744.0,5486225.0,2501744.0,5384220.0,2801755.0,5653431.0,3011887.0,R1H,BARTS HEALTH NHS TRUST,2031200.0,8001374.0,8221898.0,7987969.0,7987969.0,8185975.0,8665318.0
644827.0,50000.0,671496.0,50000.0,0.0,0.0,0.0,0.0,0.0,0.0,0.0,0.0,0.0,0.0,R1J,GLOUCESTERSHIRE CARE SERVICES NHS TRUST,694827.0,721496.0,0.0,0.0,0.0,0.0,0.0
2442903.0,250229.0,4069380.0,366578.0,3385510.0,386838.0,2967927.0,393375.0,3420604.0,509716.0,0.0,3855688.0,0.0,0.0,R1K,LONDON NORTH WEST HEALTHCARE NHS TRUST,2693132.0,4435958.0,3772348.0,3361302.0,3930320.0,3855688.0,0.0
875283.0,509989.0,377500.0,301580.0,378825.0,308627.0,8800.0,203765.0,8800.0,178155.0,17040.0,207525.0,17040.0,375577.0,R1L,ESSEX PARTNERSHIP UNIVERSITY NHS FOUNDATION TRUST,1385272.0,679080.0,687452.0,212565.0,186955.0,224565.0,392617.0
690931.0,211730.0,936232.0,186258.0,1158610.0,191739.0,1288752.0,215457.0,1263884.0,237518.0,1272182.0,267042.0,1204000.0,287125.0,RA2,ROYAL SURREY COUNTY HOSPITAL NHS FOUNDATION TRUST,902661.0,1122490.0,1350349.0,1504209.0,1501402.0,1539224.0,1491125.0
0.0,72000.0,109621.0,20159.0,549229.0,119666.0,0.0,0.0,0.0,0.0,0.0,0.0,0.0,0.0,RA3,WESTON AREA HEALTH NHS TRUST,72000.0,129780.0,668895.0,0.0,0.0,0.0,0.0
0.0,305225.0,644998.0,55717.0,635206.0,56023.0,698861.0,55717.0,700361.0,40428.0,678825.0,60171.0,0.0,0.0,RA4,YEOVIL DISTRICT HOSPITAL NHS FOUNDATION TRUST,305225.0,700715.0,691229.0,754578.0,740789.0,738996.0,0.0
361528.0,83574.0,368756.0,80969.0,376131.0,76620.0,0.0,0.0,0.0,0.0,0.0,0.0,0.0,0.0,RA7,UNIVERSITY HOSPITALS BRISTOL NHS FOUNDATION TRUST,445102.0,449725.0,452751.0,0.0,0.0,0.0,0.0
1170615.0,24398.0,1227210.0,15350.0,1709494.0,22272.0,1733608.0,41796.0,1896699.0,119760.0,2151499.0,52711.0,0.0,0.0,RA9,TORBAY AND SOUTH DEVON HEALTH CARE NHS FOUNDATION TRUST,1195013.0,1242560.0,1731766.0,1775404.0,2016459.0,2204210.0,0.0
1162229.0,31328.0,1024371.0,24097.0,722364.0,21346.0,618712.0,21997.0,407815.0,417797.0,386874.0,220452.0,96160.0,245543.0,RAE,BRADFORD TEACHING HOSPITALS NHS FOUNDATION TRUST,1193557.0,1048468.0,743710.0,640709.0,825612.0,607326.0,341703.0
946817.0,18511.0,1240256.0,25789.0,864184.0,30530.0,0.0,0.0,0.0,0.0,0.0,0.0,0.0,0.0,RAJ,SOUTHEND UNIVERSITY HOSPITAL NHS FOUNDATION TRUST,965328.0,1266045.0,894714.0,0.0,0.0,0.0,0.0
831522.0,0.0,2004591.0,318389.0,780812.0,483080.0,698260.0,257204.0,642257.0,245737.0,680782.0,269025.0,680782.0,269025.0,RAL,ROYAL FREE LONDON NHS FOUNDATION TRUST,831522.0,2322980.0,1263892.0,955464.0,887994.0,949807.0,949807.0
290000.0,156000.0,316180.0,150343.0,312443.0,153435.0,322077.0,184928.0,305448.0,329541.0,319012.0,125927.0,256927.0,72951.0,RAN,ROYAL NATIONAL ORTHOPAEDIC HOSPITAL NHS TRUST,446000.0,466523.0,465878.0,507005.0,634989.0,444939.0,329878.0
1047000.0,258747.0,1291587.0,204986.0,1441687.0,342103.0,977735.0,318062.0,1052934.0,324213.0,1718560.0,385930.0,1645496.0,349097.0,RAP,NORTH MIDDLESEX UNIVERSITY HOSPITAL NHS TRUST,1305747.0,1496573.0,1783790.0,1295797.0,1377147.0,2104490.0,1994593.0
24742.0,435468.0,766394.0,412553.0,882235.0,451003.0,847310.0,451003.0,803349.0,532040.0,688003.0,689581.0,623320.0,461956.0,RAS,THE HILLINGDON HOSPITALS NHS FOUNDATION TRUST,460210.0,1178947.0,1333238.0,1298313.0,1335389.0,1377584.0,1085276.0
0.0,166392.0,0.0,117469.0,0.0,93218.0,0.0,94675.0,0.0,96361.0,12353.0,79943.0,12168.0,71288.0,RAT,NORTH EAST LONDON NHS FOUNDATION TRUST,166392.0,117469.0,93218.0,94675.0,96361.0,92296.0,83456.0
1622879.0,195030.0,1792128.0,210692.0,1949900.0,204688.0,1858388.0,209860.0,2041345.0,210716.0,2841938.0,215330.0,2416221.0,206922.0,RAX,KINGSTON HOSPITAL NHS FOUNDATION TRUST,1817909.0,2002820.0,2154588.0,2068248.0,2252061.0,3057268.0,2623143.0
0.0,536276.0,37725.0,622602.0,28418.0,642093.0,0.0,0.0,0.0,0.0,0.0,0.0,0.0,0.0,RBA,TAUNTON AND SOMERSET NHS FOUNDATION TRUST,536276.0,660327.0,670511.0,0.0,0.0,0.0,0.0
0.0,47722.0,632460.0,45771.0,599629.0,42182.0,658535.0,47174.0,613977.0,50957.0,737996.0,48906.0,810265.0,72134.0,RBD,DORSET COUNTY HOSPITAL NHS FOUNDATION TRUST,47722.0,678231.0,641811.0,705709.0,664934.0,786902.0,882399.0
988045.0,210757.0,1176797.0,301171.0,1122947.0,311480.0,1215930.0,294799.0,1103970.0,337457.0,1237793.0,278731.0,1358128.0,442836.0,RBK,WALSALL HEALTHCARE NHS TRUST,1198802.0,1477968.0,1434427.0,1510729.0,1441427.0,1516524.0,1800964.0
925698.0,64726.0,933183.0,49120.0,901498.0,11957.0,197750.0,15576.0,184912.0,88774.0,189984.0,36985.0,235685.0,45959.0,RBL,WIRRAL UNIVERSITY TEACHING HOSPITAL NHS FOUNDATION TRUST,990424.0,982303.0,913455.0,213326.0,273686.0,226969.0,281644.0
675122.0,15924.0,260781.0,15686.0,200095.0,134521.0,204163.0,134521.0,232273.0,116998.0,243340.0,67905.0,0.0,0.0,RBN,ST HELENS AND KNOWSLEY TEACHING HOSPITALS NHS TRUST,691046.0,276467.0,334616.0,338684.0,349271.0,311245.0,0.0
129000.0,35000.0,329659.0,36672.0,250729.0,38562.0,239391.0,33435.0,257870.0,35960.0,204552.0,38122.0,0.0,0.0,RBQ,LIVERPOOL HEART AND CHEST NHS FOUNDATION TRUST,164000.0,366331.0,289291.0,272826.0,293830.0,242674.0,0.0
71500.0,0.0,908371.0,70.0,908371.0,70.0,908371.0,70.0,405918.0,187744.0,428883.0,548176.0,438695.0,95580.0,RBS,ALDER HEY CHILDRENS NHS FOUNDATION TRUST,71500.0,908441.0,908441.0,908441.0,593662.0,977059.0,534275.0
472013.0,160000.0,619277.0,192000.0,1079474.0,187452.0,833374.0,189236.0,940040.0,183357.0,924149.0,207885.0,946502.0,209547.0,RBT,THE MID CHESHIRE HOSPITALS NHS FOUNDATION TRUST,632013.0,811277.0,1266926.0,1022610.0,1123397.0,1132034.0,1156049.0
112361.0,44506.0,165011.0,53599.0,227188.0,55110.0,163471.0,62438.0,135901.0,55074.0,121643.0,61713.0,221608.0,80589.0,RBV,THE CHRISTIE NHS FOUNDATION TRUST,156867.0,218610.0,282298.0,225909.0,190975.0,183356.0,302197.0
86319.0,0.0,88924.0,6360.0,93744.0,6630.0,138129.0,7200.0,116909.0,12067.0,0.0,0.0,0.0,0.0,RBZ,NORTHERN DEVON HEALTHCARE NHS TRUST,86319.0,95284.0,100374.0,145329.0,128976.0,0.0,0.0
1141662.0,50394.0,1168062.0,48249.0,1656901.0,18870.0,0.0,0.0,0.0,0.0,0.0,0.0,0.0,0.0,RC1,BEDFORD HOSPITAL NHS TRUST,1192056.0,1216311.0,1675771.0,0.0,0.0,0.0,0.0
0.0,178183.0,0.0,204092.0,0.0,265070.0,0.0,0.0,0.0,0.0,0.0,0.0,0.0,0.0,RC9,LUTON AND DUNSTABLE UNIVERSITY HOSPITAL NHS FOUNDATION TRUST,178183.0,204092.0,265070.0,0.0,0.0,0.0,0.0
2668000.0,87771.0,2130891.0,129729.0,2075398.0,56068.0,2248950.0,192818.0,0.0,0.0,0.0,0.0,0.0,0.0,RCB,YORK TEACHING HOSPITAL NHS FOUNDATION TRUST,2755771.0,2260620.0,2131466.0,2441768.0,0.0,0.0,0.0
1565831.0,103349.0,285234.0,100139.0,323739.0,102834.0,319679.0,136071.0,310351.0,99178.0,339427.0,121345.0,257690.0,192892.0,RCD,HARROGATE AND DISTRICT NHS FOUNDATION TRUST,1669180.0,385373.0,426573.0,455750.0,409529.0,460772.0,450582.0
498051.0,0.0,509991.0,0.0,553537.0,0.0,559974.0,0.0,554805.0,0.0,577884.0,0.0,715884.0,0.0,RCF,AIREDALE NHS FOUNDATION TRUST,498051.0,509991.0,553537.0,559974.0,554805.0,577884.0,715884.0
55688000.0,0.0,631307.0,0.0,612142.0,46474.0,480125.0,38431.0,602696.0,44061.0,607821.0,36216.0,763727.0,4221.0,RCU,SHEFFIELD CHILDRENS NHS FOUNDATION TRUST,55688000.0,631307.0,658616.0,518556.0,646757.0,644037.0,767948.0
488064.0,18929.0,487179.0,27425.0,682260.0,88000.0,686545.0,105208.0,504577.0,35709.0,677278.0,37407.0,689816.0,53358.0,RCX,THE QUEEN ELIZABETH HOSPITAL KING'S LYNN NHS FOUNDATION TRUST,506993.0,514604.0,770260.0,791753.0,540286.0,714685.0,743174.0
859655.0,208049.0,808715.0,198298.0,529095.0,277441.0,534306.0,288706.0,545323.0,385470.0,458205.0,385470.0,616771.0,385470.0,RD1,ROYAL UNITED HOSPITALS BATH NHS FOUNDATION TRUST,1067704.0,1007013.0,806536.0,823012.0,930793.0,843675.0,1002241.0
963473.0,232241.0,715854.0,295005.0,710276.0,270069.0,0.0,0.0,0.0,0.0,0.0,0.0,0.0,0.0,RD3,POOLE HOSPITAL NHS FOUNDATION TRUST,1195714.0,1010859.0,980345.0,0.0,0.0,0.0,0.0
764025.0,15685.0,659853.0,14547.0,697675.0,12744.0,716533.0,9941.0,727470.0,10996.0,715033.0,33572.0,0.0,0.0,RD8,MILTON KEYNES HOSPITAL NHS FOUNDATION TRUST,779710.0,674400.0,710419.0,726474.0,738466.0,748605.0,0.0
862227.0,58797.0,1002022.0,60770.0,1042832.0,49806.0,0.0,0.0,0.0,0.0,0.0,0.0,0.0,0.0,RDD,BASILDON AND THURROCK UNIVERSITY HOSPITALS NHS FOUNDATION TRUST,921024.0,1062792.0,1092638.0,0.0,0.0,0.0,0.0
0.0,0.0,2222158.0,150501.0,1980768.0,183918.0,1935965.0,185307.0,1888351.0,139494.0,1761775.0,145825.0,1525639.0,92495.0,RDE,EAST SUFFOLK AND NORTH ESSEX NHS FOUNDATION TRUST,0.0,2372659.0,2164686.0,2121272.0,2027845.0,1907600.0,1618134.0
293790.0,101743.0,322130.0,89227.0,321584.0,81452.0,307249.0,84204.0,313152.0,75954.0,311754.0,117133.0,309462.0,66382.0,RDR,SUSSEX COMMUNITY NHS FOUNDATION TRUST,395533.0,411357.0,403036.0,391453.0,389106.0,428887.0,375844.0
2925333.0,780414.0,2931724.0,423867.0,2244320.0,272512.0,1935623.0,225592.0,2026630.0,229326.0,739780.0,211387.0,211197.0,151216.0,RDU,FRIMLEY HEALTH NHS FOUNDATION TRUST,3705747.0,3355591.0,2516832.0,2161215.0,2255956.0,951167.0,362413.0
120451.0,66533.0,257000.0,70899.0,238411.0,85203.0,45337.0,73514.0,239896.0,77138.0,0.0,0.0,0.0,0.0,RDY,DORSET HEALTHCARE NHS FOUNDATION TRUST,186984.0,327899.0,323614.0,118851.0,317034.0,0.0,0.0
862239.0,447905.0,718214.0,322257.0,566244.0,373080.0,0.0,0.0,0.0,0.0,0.0,0.0,0.0,0.0,RDZ,THE ROYAL BOURNEMOUTH AND CHRISTCHURCH HOSPITALS NHS FOUNDATION TRUST,1310144.0,1040471.0,939324.0,0.0,0.0,0.0,0.0
102545.0,187366.0,121232.0,294552.0,0.0,0.0,0.0,0.0,0.0,0.0,0.0,0.0,0.0,0.0,RE9,SOUTH TYNESIDE NHS FOUNDATION TRUST,289911.0,415784.0,0.0,0.0,0.0,0.0,0.0
1866737.0,250515.0,1951752.0,238065.0,2007125.0,247849.0,2074669.0,285981.0,1692624.0,302970.0,1647589.0,308744.0,1470454.0,291131.0,REF,ROYAL CORNWALL HOSPITALS NHS TRUST,2117252.0,2189817.0,2254974.0,2360650.0,1995594.0,1956333.0,1761585.0
69250.0,65590.0,75888.0,56657.0,0.0,0.0,0.0,0.0,0.0,0.0,0.0,0.0,0.0,0.0,REM,AINTREE UNIVERSITY HOSPITAL NHS FOUNDATION TRUST,134840.0,132545.0,0.0,0.0,0.0,0.0,0.0
0.0,58000.0,50888.0,54089.0,31500.0,51051.0,23954.0,49924.0,24448.0,58080.0,27588.0,41116.0,28694.0,45274.0,REN,CLATTERBRIDGE CANCER CENTRE NHS FOUNDATION TRUST,58000.0,104977.0,82551.0,73878.0,82528.0,68704.0,73968.0
467000.0,188000.0,485680.0,195520.0,506000.0,209999.0,439000.0,188000.0,479000.0,197000.0,421000.0,189000.0,512000.0,619000.0,REP,LIVERPOOL WOMEN'S NHS FOUNDATION TRUST,655000.0,681200.0,715999.0,627000.0,676000.0,610000.0,1131000.0
44090.0,62898.0,53168.0,16772.0,64197.0,63186.0,71640.0,59456.0,71697.0,11636.0,71255.0,7924.0,73203.0,45325.0,RET,WALTON CENTRE NHS FOUNDATION TRUST,106988.0,69940.0,127383.0,131096.0,83333.0,79179.0,118528.0
1331000.0,250000.0,1536052.0,194583.0,1587685.0,199237.0,1582605.0,260574.0,1566091.0,394675.0,1744946.0,226800.0,1744946.0,226800.0,RF4,"BARKING, HAVERING AND REDBRIDGE UNIVERSITY HOSPITALS NHS TRUST",1581000.0,1730635.0,1786922.0,1843179.0,1960766.0,1971746.0,1971746.0
843910.0,39423.0,834917.0,20173.0,1068740.0,66346.0,1240407.0,58771.0,1148824.0,66997.0,1131448.0,85192.0,991526.0,65447.0,RFF,BARNSLEY HOSPITAL NHS FOUNDATION TRUST,883333.0,855090.0,1135086.0,1299178.0,1215821.0,1216640.0,1056973.0
1048971.0,49041.0,1263912.0,55908.0,1411940.0,65956.0,1561580.0,83806.0,1592469.0,80362.0,1585285.0,109205.0,1488433.0,91697.0,RFR,THE ROTHERHAM NHS FOUNDATION TRUST,1098012.0,1319820.0,1477896.0,1645386.0,1672831.0,1694490.0,1580130.0
901346.0,34762.0,1046718.0,49255.0,1079882.0,76465.0,1099992.0,45096.0,1162068.0,61370.0,1227995.0,61011.0,1404015.0,63055.0,RFS,CHESTERFIELD ROYAL HOSPITAL NHS FOUNDATION TRUST,936108.0,1095973.0,1156347.0,1145088.0,1223438.0,1289006.0,1467070.0
383890.0,72188.0,369117.0,82890.0,369810.0,55670.0,293324.0,73010.0,321308.0,75103.0,0.0,0.0,0.0,0.0,RGD,LEEDS AND YORK  PARTNERSHIP NHS FOUNDATION TRUST,456078.0,452007.0,425480.0,366334.0,396411.0,0.0,0.0
614144.0,32539.0,441907.0,10690.0,0.0,44830.0,0.0,59955.0,0.0,46406.0,0.0,53278.0,0.0,30290.0,RGM,ROYAL PAPWORTH HOSPITAL NHS FOUNDATION TRUST,646683.0,452597.0,44830.0,59955.0,46406.0,53278.0,30290.0
1050495.0,1104252.0,1339494.0,1957776.0,1248625.0,818653.0,1175330.0,648447.0,1240844.0,715900.0,1164030.0,647673.0,1283769.0,759896.0,RGN,NORTH WEST ANGLIA NHS FOUNDATION TRUST,2154747.0,3297270.0,2067278.0,1823777.0,1956744.0,1811703.0,2043665.0
918314.0,0.0,913642.0,0.0,1008965.0,0.0,999244.0,0.0,1011093.0,0.0,1184534.0,0.0,1147056.0,0.0,RGP,JAMES PAGET UNIVERSITY HOSPITALS NHS FOUNDATION TRUST,918314.0,913642.0,1008965.0,999244.0,1011093.0,1184534.0,1147056.0
1097261.0,39918.0,1305402.0,0.0,845278.0,0.0,804335.0,0.0,744661.0,0.0,879508.0,0.0,1074054.0,0.0,RGR,WEST SUFFOLK NHS FOUNDATION TRUST,1137179.0,1305402.0,845278.0,804335.0,744661.0,879508.0,1074054.0
106530.0,23210.0,104026.0,23210.0,127046.0,23121.0,104000.0,23689.0,103746.0,24400.0,133766.0,24400.0,168994.0,24400.0,RGT,CAMBRIDGE UNIVERSITY HOSPITALS NHS FOUNDATION TRUST,129740.0,127236.0,150167.0,127689.0,128146.0,158166.0,193394.0
0.0,60798.0,0.0,59963.0,13448.0,67387.0,0.0,0.0,0.0,0.0,0.0,0.0,0.0,0.0,RH5,SOMERSET PARTNERSHIP NHS FOUNDATION TRUST,60798.0,59963.0,80835.0,0.0,0.0,0.0,0.0
1141494.0,196871.0,1696474.0,0.0,1724885.0,7213.0,1521461.0,7213.0,1084754.0,372257.0,0.0,0.0,0.0,0.0,RH8,ROYAL DEVON AND EXETER NHS FOUNDATION TRUST,1338365.0,1696474.0,1732098.0,1528674.0,1457011.0,0.0,0.0
43016.0,298049.0,66391.0,339073.0,96900.0,221601.0,44957.0,202163.0,72874.0,236529.0,72392.0,246258.0,46176.0,311450.0,RHA,NOTTINGHAMSHIRE HEALTHCARE NHS FOUNDATION TRUST,341065.0,405464.0,318501.0,247120.0,309403.0,318650.0,357626.0
1434557.0,154901.0,1208096.0,230149.0,1214484.0,155887.0,843922.0,150805.0,777943.0,155385.0,751723.0,160023.0,792131.0,185534.0,RHM,UNIVERSITY HOSPITAL SOUTHAMPTON NHS FOUNDATION TRUST,1589458.0,1438245.0,1370371.0,994727.0,933328.0,911746.0,977665.0
3208165.0,2072764.0,2884761.0,1044485.0,2978993.0,525017.0,2959055.0,627303.0,3243425.0,437964.0,3793358.0,140273.0,4042420.0,168454.0,RHQ,SHEFFIELD TEACHING HOSPITALS NHS FOUNDATION TRUST,5280929.0,3929246.0,3504010.0,3586358.0,3681389.0,3933631.0,4210874.0
1176505.0,328416.0,1198588.0,337086.0,1147995.0,305772.0,0.0,0.0,0.0,0.0,0.0,0.0,0.0,0.0,RHU,PORTSMOUTH HOSPITALS NHS TRUST,1504921.0,1535674.0,1453767.0,0.0,0.0,0.0,0.0
2245733.0,456503.0,2130974.0,401618.0,981471.0,328724.0,686836.0,356938.0,541590.0,160621.0,559611.0,315978.0,459850.0,204006.0,RHW,ROYAL BERKSHIRE NHS FOUNDATION TRUST,2702236.0,2532592.0,1310195.0,1043774.0,702211.0,875589.0,663856.0
2166678.0,116920.0,2172488.0,145150.0,2346484.0,131630.0,1965267.0,242179.0,1933710.0,440224.0,1765171.0,108474.0,2340549.0,403197.0,RJ1,GUY'S AND ST THOMAS' NHS FOUNDATION TRUST,2283598.0,2317638.0,2478114.0,2207446.0,2373934.0,1873645.0,2743746.0
2842811.0,198978.0,2338185.0,529083.0,2869492.0,441823.0,2380004.0,476358.0,2338185.0,304802.0,2086281.0,468622.0,2006167.0,293000.0,RJ2,THE LEWISHAM AND GREENWICH NHS TRUST,3041789.0,2867268.0,3311315.0,2856362.0,2642987.0,2554903.0,2299167.0
608901.0,325234.0,622471.0,322777.0,643382.0,225000.0,643382.0,225000.0,666576.0,281508.0,666576.0,281508.0,467899.0,216347.0,RJ6,CROYDON HEALTH SERVICES NHS TRUST,934135.0,945248.0,868382.0,868382.0,948084.0,948084.0,684246.0
255607.0,630822.0,64000.0,688000.0,109682.0,405843.0,109682.0,546470.0,109682.0,504318.0,317563.0,489801.0,2041095.0,1020703.0,RJ7,ST GEORGE'S UNIVERSITY HOSPITALS NHS FOUNDATION TRUST,886429.0,752000.0,515525.0,656152.0,614000.0,807364.0,3061798.0
12296.0,85764.0,12933.0,107332.0,13516.0,122741.0,14999.0,130211.0,39044.0,134812.0,20456.0,142415.0,37932.0,165174.0,RJ8,CORNWALL PARTNERSHIP NHS FOUNDATION TRUST,98060.0,120265.0,136257.0,145210.0,173856.0,162871.0,203106.0
426981.0,120102.0,986919.0,40416.0,986919.0,129454.0,961188.0,108796.0,961188.0,108796.0,0.0,0.0,0.0,0.0,RJC,SOUTH WARWICKSHIRE NHS FOUNDATION TRUST,547083.0,1027335.0,1116373.0,1069984.0,1069984.0,0.0,0.0
1843818.0,320000.0,811518.0,393717.0,941069.0,351445.0,916513.0,408568.0,981131.0,350307.0,1023472.0,325124.0,0.0,0.0,RJE,UNIVERSITY HOSPITAL OF NORTH MIDLANDS NHS TRUST,2163818.0,1205235.0,1292514.0,1325081.0,1331438.0,1348596.0,0.0
2087523.0,169122.0,2221269.0,171125.0,2507238.0,162270.0,2636999.0,181672.0,2456635.0,169881.0,2526626.0,188323.0,2582469.0,232070.0,RJL,NORTHERN LINCOLNSHIRE AND GOOLE NHS FOUNDATION TRUST,2256645.0,2392394.0,2669508.0,2818671.0,2626516.0,2714949.0,2814539.0
592000.0,0.0,584787.0,21942.0,635317.0,23835.0,659192.0,22956.0,717280.0,21777.0,732917.0,23177.0,732917.0,23177.0,RJN,EAST CHESHIRE NHS TRUST,592000.0,606729.0,659152.0,682148.0,739057.0,756094.0,756094.0
75000.0,50872.0,75000.0,51275.0,128994.0,54460.0,146038.0,80881.0,161222.0,67574.0,154138.0,69162.0,169753.0,77241.0,RJR,COUNTESS OF CHESTER HOSPITAL NHS FOUNDATION TRUST,125872.0,126275.0,183454.0,226919.0,228796.0,223300.0,246994.0
2041863.0,834463.0,4239972.0,1042149.0,3108563.0,1312763.0,3205508.0,1523952.0,3465205.0,1600753.0,3249188.0,1418363.0,2929104.0,1662168.0,RJZ,KING'S COLLEGE HOSPITAL NHS FOUNDATION TRUST,2876326.0,5282121.0,4421326.0,4729460.0,5065958.0,4667551.0,4591272.0
1014000.0,0.0,444868.0,0.0,516780.0,1783.0,558400.0,5556.0,558400.0,5556.0,558400.0,5556.0,558400.0,60000.0,RK5,SHERWOOD FOREST HOSPITALS NHS FOUNDATION TRUST,1014000.0,444868.0,518563.0,563956.0,563956.0,563956.0,618400.0
0.0,0.0,1272401.0,64000.0,1514412.0,86500.0,2384015.0,73324.0,2428992.0,83177.0,3653600.0,136852.0,3678866.0,149191.0,RK9,UNIVERSITY HOSPITALS PLYMOUTH NHS TRUST,0.0,1336401.0,1600912.0,2457339.0,2512169.0,3790452.0,3828057.0
0.0,2400000.0,0.0,2500000.0,0.0,2397786.0,97535.0,1514180.0,61346.0,1610580.0,0.0,2702189.0,0.0,1582431.0,RKB,UNIVERSITY HOSPITALS COVENTRY AND WARWICKSHIRE NHS TRUST,2400000.0,2500000.0,2397786.0,1611715.0,1671926.0,2702189.0,1582431.0
0.0,342382.0,890152.0,0.0,1100339.0,0.0,862848.0,0.0,934776.0,175000.0,733215.0,77111.0,765830.0,78200.0,RKE,WHITTINGTON HEALTH NHS TRUST,342382.0,890152.0,1100339.0,862848.0,1109776.0,810326.0,844030.0
0.0,0.0,54891.0,162224.0,60081.0,105032.0,62870.0,119686.0,72443.0,160953.0,69896.0,124215.0,64366.0,114660.0,RKL,WEST LONDON NHS TRUST,0.0,217115.0,165113.0,182556.0,233396.0,194111.0,179026.0
174389.0,92136.0,196511.0,98515.0,258404.0,15958.0,249340.0,15093.0,255478.0,16947.0,266889.0,22143.0,223030.0,26016.0,RL1,ROBERT JONES AND AGNES HUNT ORTHOPAEDIC HOSPITAL NHS FOUNDATION TRUST,266525.0,295026.0,274362.0,264433.0,272425.0,289032.0,249046.0
397700.0,46436.0,423567.0,46099.0,463036.0,55426.0,489909.0,58740.0,743631.0,61070.0,850074.0,61001.0,949917.0,60997.0,RL4,THE ROYAL WOLVERHAMPTON NHS TRUST,444136.0,469666.0,518462.0,548649.0,804701.0,911075.0,1010914.0
2064558.0,152837.0,2251729.0,196006.0,0.0,0.0,0.0,0.0,0.0,0.0,0.0,0.0,0.0,0.0,RLN,CITY HOSPITALS SUNDERLAND NHS FOUNDATION TRUST,2217395.0,2447735.0,0.0,0.0,0.0,0.0,0.0
691757.0,124941.0,751939.0,165337.0,942994.0,228797.0,866114.0,244406.0,866114.0,221015.0,965306.0,246935.0,939236.0,237992.0,RLQ,WYE VALLEY NHS TRUST,816698.0,917276.0,1171791.0,1110520.0,1087129.0,1212241.0,1177228.0
0.0,1317019.0,0.0,1537290.0,0.0,1564673.0,0.0,1401160.0,0.0,1369809.0,0.0,1306609.0,0.0,1502104.0,RLT,GEORGE ELIOT HOSPITAL NHS TRUST,1317019.0,1537290.0,1564673.0,1401160.0,1369809.0,1306609.0,1502104.0
56225.0,0.0,58162.0,0.0,72384.0,0.0,72562.0,0.0,72805.0,0.0,73533.0,0.0,77210.0,0.0,RLY,NORTH STAFFORDSHIRE COMBINED HEALTHCARE NHS TRUST,56225.0,58162.0,72384.0,72562.0,72805.0,73533.0,77210.0
370301.0,1397174.0,424716.0,1802656.0,306625.0,1696605.0,424136.0,1811657.0,2221794.0,0.0,2477300.0,0.0,2117956.0,0.0,RM1,NORFOLK AND NORWICH UNIVERSITY HOSPITALS NHS FOUNDATION TRUST,1767475.0,2227372.0,2003230.0,2235793.0,2221794.0,2477300.0,2117956.0
0.0,193179.0,0.0,233237.0,0.0,233237.0,1489837.0,233237.0,0.0,0.0,0.0,0.0,0.0,0.0,RM3,SALFORD ROYAL NHS FOUNDATION TRUST,193179.0,233237.0,233237.0,1723074.0,0.0,0.0,0.0
243377.0,0.0,2043890.0,120452.0,2043890.0,87290.0,1913936.0,115309.0,2041226.0,153688.0,2175947.0,188672.0,2295624.0,210972.0,RMC,BOLTON NHS FOUNDATION TRUST,243377.0,2164342.0,2131180.0,2029245.0,2194914.0,2364619.0,2506596.0
176626.0,9752.0,1018960.0,74018.0,0.0,0.0,0.0,0.0,0.0,0.0,0.0,0.0,0.0,0.0,RMP,TAMESIDE HOSPITAL NHS FOUNDATION TRUST,186378.0,1092978.0,0.0,0.0,0.0,0.0,0.0
301866.0,0.0,231801.0,0.0,228038.0,0.0,183976.0,0.0,171204.0,0.0,198610.0,0.0,218887.0,0.0,RMY,NORFOLK AND SUFFOLK NHS FOUNDATION TRUST,301866.0,231801.0,228038.0,183976.0,171204.0,198610.0,218887.0
1096846.0,253958.0,957695.0,212265.0,889030.0,242016.0,919433.0,220639.0,766616.0,191654.0,766616.0,191654.0,662000.0,311000.0,RN3,GREAT WESTERN HOSPITALS NHS FOUNDATION TRUST,1350804.0,1169960.0,1131046.0,1140072.0,958270.0,958270.0,973000.0
2080481.0,97000.0,1948140.0,95172.0,2091709.0,107194.0,2048877.0,165338.0,2286867.0,123371.0,3024473.0,301777.0,2004017.0,816063.0,RN5,HAMPSHIRE HOSPITALS NHS FOUNDATION TRUST,2177481.0,2043312.0,2198903.0,2214215.0,2410238.0,3326250.0,2820080.0
1564030.0,63339.0,1672034.0,71597.0,1233174.0,65257.0,1239609.0,141138.0,1249609.0,129972.0,1489499.0,132899.0,1558051.0,168588.0,RN7,DARTFORD AND GRAVESHAM NHS TRUST,1627369.0,1743631.0,1298431.0,1380747.0,1379581.0,1622398.0,1726639.0
1679781.0,0.0,1700002.0,0.0,2548336.0,0.0,1847541.0,0.0,1661319.0,0.0,1719628.0,0.0,1656858.0,0.0,RNA,THE DUDLEY GROUP NHS FOUNDATION TRUST,1679781.0,1700002.0,2548336.0,1847541.0,1661319.0,1719628.0,1656858.0
40000.0,0.0,25300.0,0.0,25500.0,0.0,25500.0,0.0,21000.0,0.0,21000.0,0.0,21000.0,10000.0,RNK,TAVISTOCK AND PORTMAN NHS FOUNDATION TRUST,40000.0,25300.0,25500.0,25500.0,21000.0,21000.0,31000.0
2007495.0,83372.0,1949686.0,83382.0,0.0,0.0,0.0,0.0,0.0,0.0,0.0,0.0,0.0,0.0,RNL,NORTH CUMBRIA UNIVERSITY HOSPITALS NHS TRUST,2090867.0,2033068.0,0.0,0.0,0.0,0.0,0.0
50.0,120078.0,311305.0,123616.0,0.0,0.0,0.0,0.0,0.0,0.0,0.0,0.0,0.0,0.0,RNN,CUMBRIA PARTNERSHIP NHS FOUNDATION TRUST,120128.0,434921.0,0.0,0.0,0.0,0.0,0.0
0.0,1107182.0,0.0,1380713.0,0.0,1560510.0,0.0,1517103.0,0.0,1537190.0,492.0,1113657.0,935270.0,537.0,RNQ,KETTERING GENERAL HOSPITAL NHS FOUNDATION TRUST,1107182.0,1380713.0,1560510.0,1517103.0,1537190.0,1114149.0,935807.0
1363526.0,119680.0,1402861.0,83171.0,1291092.0,151621.0,1441459.0,127765.0,1374719.0,80819.0,1365492.0,98260.0,1242347.0,222452.0,RNS,NORTHAMPTON GENERAL HOSPITAL NHS TRUST,1483206.0,1486032.0,1442713.0,1569224.0,1455538.0,1463752.0,1464799.0
185000.0,29317.0,171270.0,40000.0,167457.0,40000.0,171144.0,40000.0,172159.0,40000.0,0.0,47173.0,253122.0,59750.0,RNU,OXFORD HEALTH NHS FOUNDATION TRUST,214317.0,211270.0,207457.0,211144.0,212159.0,47173.0,312872.0
412547.0,6200.0,706337.0,29165.0,687929.0,35386.0,674441.0,36940.0,794810.0,30141.0,808551.0,50753.0,1479315.0,61603.0,RNZ,SALISBURY NHS FOUNDATION TRUST,418747.0,735502.0,723315.0,711381.0,824951.0,859304.0,1540918.0
1612.0,15000.0,0.0,8333.0,647000.0,69760.0,0.0,89436.0,902800.0,66402.0,986890.0,86443.0,1048824.0,156957.0,RP1,NORTHAMPTONSHIRE HEALTHCARE NHS FOUNDATION TRUST,16612.0,8333.0,716760.0,89436.0,969202.0,1073333.0,1205781.0
38543.0,0.0,1205485.0,1158.0,729754.0,41958.0,581111.0,12350.0,557849.0,42846.0,1106804.0,0.0,1100992.0,0.0,RP4,GREAT ORMOND STREET HOSPITAL FOR CHILDREN NHS FOUNDATION TRUST,38543.0,1206643.0,771712.0,593461.0,600695.0,1106804.0,1100992.0
2307369.0,33639.0,2031852.0,38495.0,2357219.0,0.0,2271983.0,50864.0,2420651.0,89173.0,2314393.0,58406.0,2697735.0,57883.0,RP5,DONCASTER AND BASSETLAW TEACHING HOSPITALS NHS FOUNDATION TRUST,2341008.0,2070347.0,2357219.0,2322847.0,2509824.0,2372799.0,2755618.0
1787390.0,151651.0,1643301.0,282912.0,1088222.0,1663843.0,953182.0,1146856.0,1009771.0,1647361.0,851923.0,1627950.0,894518.0,1709346.0,RP6,MOORFIELDS EYE HOSPITAL NHS FOUNDATION TRUST,1939041.0,1926213.0,2752065.0,2100038.0,2657132.0,2479873.0,2603864.0
54101.0,101076.0,67743.0,103097.0,67743.0,52956.0,16255.0,50091.0,978.0,48299.0,0.0,51502.0,0.0,59075.0,RP7,LINCOLNSHIRE PARTNERSHIP NHS FOUNDATION TRUST,155177.0,170840.0,120699.0,66346.0,49277.0,51502.0,59075.0
0.0,251986.0,113350.0,1186935.0,167546.0,1169819.0,216866.0,1208575.0,287938.0,1396665.0,305214.0,1400057.0,330040.0,1559782.0,RPA,MEDWAY NHS FOUNDATION TRUST,251986.0,1300285.0,1337365.0,1425441.0,1684603.0,1705271.0,1889822.0
439245.0,0.0,439245.0,0.0,439245.0,0.0,439245.0,0.0,458268.0,0.0,458268.0,0.0,573227.0,159660.0,RPC,QUEEN VICTORIA HOSPITAL NHS FOUNDATION TRUST,439245.0,439245.0,439245.0,439245.0,458268.0,458268.0,732887.0
0.0,0.0,0.0,0.0,0.0,0.0,0.0,0.0,0.0,26384.0,0.0,22278.0,0.0,22495.0,RPG,OXLEAS NHS FOUNDATION TRUST,0.0,0.0,0.0,0.0,26384.0,22278.0,22495.0
221052.0,63216.0,240854.0,64358.0,254504.0,73887.0,238261.0,76591.0,190658.0,104035.0,196526.0,124705.0,198000.0,105000.0,RPY,THE ROYAL MARSDEN NHS FOUNDATION TRUST,284268.0,305212.0,328391.0,314852.0,294693.0,321231.0,303000.0
0.0,403595.0,0.0,422015.0,0.0,468008.0,0.0,498651.0,0.0,394299.0,0.0,769397.0,0.0,652204.0,RQ3,BIRMINGHAM WOMEN'S AND CHILDREN'S NHS FOUNDATION TRUST,403595.0,422015.0,468008.0,498651.0,394299.0,769397.0,652204.0
1403045.0,0.0,1365841.0,0.0,1356847.0,0.0,0.0,0.0,0.0,0.0,0.0,0.0,0.0,0.0,RQ6,ROYAL LIVERPOOL AND BROADGREEN UNIVERSITY HOSPITALS NHS TRUST,1403045.0,1365841.0,1356847.0,0.0,0.0,0.0,0.0
1273150.0,161404.0,1357047.0,210000.0,1416717.0,189480.0,0.0,0.0,0.0,0.0,0.0,0.0,0.0,0.0,RQ8,MID ESSEX HOSPITAL SERVICES NHS TRUST,1434554.0,1567047.0,1606197.0,0.0,0.0,0.0,0.0
2371874.0,425463.0,3130093.0,311186.0,1890141.0,282398.0,1416911.0,331228.0,1547327.0,488625.0,1243574.0,466353.0,1101852.0,582305.0,RQM,CHELSEA AND WESTMINSTER HOSPITAL NHS FOUNDATION TRUST,2797337.0,3441279.0,2172539.0,1748139.0,2035952.0,1709927.0,1684157.0
821272.0,116842.0,899377.0,152541.0,949191.0,164064.0,996306.0,160265.0,1146586.0,70717.0,1079819.0,47338.0,1100693.0,58477.0,RQW,THE PRINCESS ALEXANDRA HOSPITAL NHS TRUST,938114.0,1051918.0,1113255.0,1156571.0,1217303.0,1127157.0,1159170.0
0.0,137345.0,0.0,210610.0,0.0,181222.0,0.0,295583.0,0.0,295583.0,0.0,0.0,0.0,0.0,RQX,HOMERTON UNIVERSITY HOSPITAL NHS FOUNDATION TRUST,137345.0,210610.0,181222.0,295583.0,295583.0,0.0,0.0
0.0,0.0,0.0,0.0,0.0,0.0,0.0,0.0,0.0,0.0,0.0,0.0,0.0,0.0,RQY,SOUTH WEST LONDON AND ST GEORGE'S MENTAL HEALTH NHS TRUST,0.0,0.0,0.0,0.0,0.0,0.0,0.0
304682.0,38545.0,326281.0,80502.0,318250.0,125174.0,449870.0,70453.0,554195.0,59410.0,560645.0,72218.0,735086.0,38234.0,RR7,GATESHEAD HEALTH NHS FOUNDATION TRUST,343227.0,406783.0,443424.0,520323.0,613605.0,632863.0,773320.0
1864356.0,257000.0,2693000.0,300000.0,2364027.0,384670.0,2003281.0,354281.0,2079494.0,323000.0,2216738.0,300689.0,2124395.0,302315.0,RR8,LEEDS TEACHING HOSPITALS NHS TRUST,2121356.0,2993000.0,2748697.0,2357562.0,2402494.0,2517427.0,2426710.0
0.0,0.0,9225.0,80000.0,17995.0,109016.0,0.0,120000.0,0.0,123396.0,0.0,100000.0,0.0,94077.0,RRE,MIDLANDS PARTNERSHIP NHS FOUNDATION TRUST,0.0,89225.0,127011.0,120000.0,123396.0,100000.0,94077.0
560326.0,0.0,644678.0,0.0,681800.0,0.0,617330.0,0.0,606359.0,0.0,742931.0,46124.0,717784.0,44332.0,RRF,"WRIGHTINGTON, WIGAN AND LEIGH NHS FOUNDATION TRUST",560326.0,644678.0,681800.0,617330.0,606359.0,789055.0,762116.0
364457.0,0.0,417998.0,0.0,439100.0,0.0,454487.0,1887.0,466514.0,3254.0,568999.0,6544.0,544503.0,16126.0,RRJ,ROYAL ORTHOPAEDIC HOSPITAL NHS FOUNDATION TRUST,364457.0,417998.0,439100.0,456374.0,469768.0,575543.0,560629.0
0.0,0.0,2545195.0,638429.0,4998102.0,35554.0,5102367.0,23612.0,4052129.0,1076031.0,3886591.0,23831.0,4036713.0,44737.0,RRK,UNIVERSITY HOSPITALS BIRMINGHAM NHS FOUNDATION TRUST,0.0,3183624.0,5033656.0,5125979.0,5128160.0,3910422.0,4081450.0
40000.0,80469.0,43000.0,135000.0,44398.0,141075.0,44891.0,146789.0,216736.0,178606.0,221070.0,182178.0,225601.0,185912.0,RRP,"BARNET, ENFIELD AND HARINGEY MENTAL HEALTH NHS TRUST",120469.0,178000.0,185473.0,191680.0,395342.0,403248.0,411513.0
0.0,0.0,0.0,0.0,0.0,0.0,0.0,0.0,0.0,0.0,0.0,0.0,0.0,0.0,RRU,LONDON AMBULANCE SERVICE NHS TRUST,0.0,0.0,0.0,0.0,0.0,0.0,0.0
2422793.0,1427203.0,2425849.0,1473529.0,2088289.0,986858.0,1874902.0,777557.0,1601203.0,868737.0,1630913.0,1011189.0,0.0,0.0,RRV,UNIVERSITY COLLEGE LONDON NHS FOUNDATION TRUST,3849996.0,3899378.0,3075147.0,2652459.0,2469940.0,2642102.0,0.0
0.0,37699.0,0.0,56502.0,16253.0,36263.0,16200.0,55580.0,32012.0,67841.0,18410.0,82580.0,18410.0,109722.0,RT1,CAMBRIDGESHIRE AND PETERBOROUGH NHS FOUNDATION TRUST,37699.0,56502.0,52516.0,71780.0,99853.0,100990.0,128132.0
65000.0,0.0,84817.0,0.0,247252.0,103934.0,212598.0,114352.0,174716.0,129735.0,183299.0,146138.0,173479.0,170400.0,RT2,PENNINE CARE NHS FOUNDATION TRUST,65000.0,84817.0,351186.0,326950.0,304451.0,329437.0,343879.0
149850.0,488950.0,50655.0,441040.0,45200.0,365625.0,47455.0,349520.0,0.0,0.0,0.0,0.0,0.0,0.0,RT3,ROYAL BROMPTON AND HAREFIELD NHS FOUNDATION TRUST,638800.0,491695.0,410825.0,396975.0,0.0,0.0,0.0
203842.0,383469.0,0.0,360000.0,0.0,360000.0,0.0,360000.0,0.0,390000.0,0.0,390000.0,0.0,390000.0,RT5,LEICESTERSHIRE PARTNERSHIP NHS TRUST,587311.0,360000.0,360000.0,360000.0,390000.0,390000.0,390000.0
1934819.0,161277.0,2148557.0,169111.0,1672677.0,171844.0,1638225.0,779599.0,1191760.0,1211426.0,1194484.0,1482013.0,819375.0,978739.0,RTD,THE NEWCASTLE UPON TYNE HOSPITALS NHS FOUNDATION TRUST,2096096.0,2317668.0,1844521.0,2417824.0,2403186.0,2676497.0,1798114.0
752672.0,135857.0,692334.0,176144.0,828502.0,217872.0,858825.0,262931.0,950471.0,250470.0,1029360.0,271258.0,1088833.0,218528.0,RTE,GLOUCESTERSHIRE HOSPITALS NHS FOUNDATION TRUST,888529.0,868478.0,1046374.0,1121756.0,1200941.0,1300618.0,1307361.0
233527.0,47545.0,385417.0,45120.0,390794.0,44529.0,243135.0,54205.0,218159.0,54024.0,253045.0,20759.0,480130.0,22717.0,RTF,NORTHUMBRIA HEALTHCARE NHS FOUNDATION TRUST,281072.0,430537.0,435323.0,297340.0,272183.0,273804.0,502847.0
0.0,0.0,4322182.0,352656.0,2893490.0,1934705.0,2645582.0,2231339.0,2643332.0,2082259.0,2657993.0,2100094.0,558321.0,4515960.0,RTG,UNIVERSITY HOSPITALS OF DERBY AND BURTON NHS FOUNDATION TRUST,0.0,4674838.0,4828195.0,4876921.0,4725591.0,4758087.0,5074281.0
1079125.0,861962.0,1079191.0,950102.0,1123000.0,1177000.0,850521.0,1072079.0,850521.0,821274.0,922041.0,723773.0,944008.0,622600.0,RTH,OXFORD UNIVERSITY HOSPITALS NHS FOUNDATION TRUST,1941087.0,2029293.0,2300000.0,1922600.0,1671795.0,1645814.0,1566608.0
1001766.0,53010.0,1001766.0,53010.0,1076422.0,78692.0,732069.0,92854.0,822627.0,77554.0,804967.0,172013.0,690551.0,74413.0,RTK,ASHFORD AND ST. PETER'S HOSPITALS NHS FOUNDATION TRUST,1054776.0,1054776.0,1155114.0,824923.0,900181.0,976980.0,764964.0
1668980.0,200514.0,1841799.0,269832.0,1873413.0,277110.0,1885673.0,258344.0,2172340.0,296187.0,409349.0,2254198.0,1584317.0,401512.0,RTP,SURREY AND SUSSEX HEALTHCARE NHS TRUST,1869494.0,2111631.0,2150523.0,2144017.0,2468527.0,2663547.0,1985829.0
0.0,34648.0,0.0,39826.0,0.0,0.0,0.0,0.0,0.0,0.0,0.0,0.0,0.0,0.0,RTQ,2GETHER NHS FOUNDATION TRUST,34648.0,39826.0,0.0,0.0,0.0,0.0,0.0
0.0,1219317.0,286386.0,1165794.0,586688.0,1142294.0,790750.0,1206884.0,843190.0,1270261.0,846202.0,1297823.0,830621.0,1760522.0,RTR,SOUTH TEES HOSPITALS NHS FOUNDATION TRUST,1219317.0,1452180.0,1728982.0,1997634.0,2113451.0,2144025.0,2591143.0
116664.0,441116.0,163332.0,597151.0,163332.0,597151.0,163332.0,616151.0,0.0,0.0,0.0,0.0,0.0,0.0,RTV,NORTH WEST BOROUGHS HEALTHCARE NHS FOUNDATION TRUST,557780.0,760483.0,760483.0,779483.0,0.0,0.0,0.0
0.0,1106548.0,395533.0,542720.0,318536.0,609325.0,0.0,857635.0,0.0,889653.0,0.0,704253.0,0.0,668441.0,RTX,UNIVERSITY HOSPITALS OF MORECAMBE BAY NHS FOUNDATION TRUST,1106548.0,938253.0,927861.0,857635.0,889653.0,704253.0,668441.0
0.0,104659.0,0.0,103974.0,0.0,153309.0,0.0,150619.0,0.0,119272.0,0.0,138464.0,0.0,143706.0,RV3,CENTRAL AND NORTH WEST LONDON NHS FOUNDATION TRUST,104659.0,103974.0,153309.0,150619.0,119272.0,138464.0,143706.0
0.0,0.0,0.0,0.0,0.0,0.0,0.0,0.0,0.0,0.0,0.0,0.0,0.0,0.0,RV5,SOUTH LONDON AND MAUDSLEY NHS FOUNDATION TRUST,0.0,0.0,0.0,0.0,0.0,0.0,0.0
0.0,0.0,97189.0,107155.0,115477.0,86396.0,132193.0,78544.0,132193.0,78544.0,139192.0,90937.0,125029.0,110658.0,RV9,HUMBER TEACHING NHS FOUNDATION TRUST,0.0,204344.0,201873.0,210737.0,210737.0,230129.0,235687.0
877563.0,1150661.0,861937.0,993415.0,1313048.0,0.0,512383.0,449063.0,496263.0,355559.0,550983.0,714936.0,550983.0,714936.0,RVJ,NORTH BRISTOL NHS TRUST,2028224.0,1855352.0,1313048.0,961446.0,851822.0,1265919.0,1265919.0
160455.0,0.0,177070.0,0.0,175827.0,0.0,173573.0,0.0,175498.0,0.0,198135.0,0.0,229350.0,0.0,RVN,AVON AND WILTSHIRE MENTAL HEALTH PARTNERSHIP NHS TRUST,160455.0,177070.0,175827.0,173573.0,175498.0,198135.0,229350.0
1839239.0,241288.0,1963170.0,307115.0,2147454.0,296580.0,1980527.0,283002.0,1933080.0,253051.0,1897521.0,233220.0,1777615.0,268484.0,RVR,EPSOM AND ST HELIER UNIVERSITY HOSPITALS NHS TRUST,2080527.0,2270285.0,2444034.0,2263529.0,2186131.0,2130741.0,2046099.0
2008393.0,346617.0,2342603.0,590442.0,2782363.0,502796.0,2947746.0,564579.0,3726490.0,676641.0,3026757.0,759872.0,3100042.0,757170.0,RVV,EAST KENT HOSPITALS UNIVERSITY NHS FOUNDATION TRUST,2355010.0,2933045.0,3285159.0,3512325.0,4403131.0,3786629.0,3857212.0
556228.0,94352.0,661340.0,98000.0,679840.0,105000.0,722887.0,123500.0,674136.0,131500.0,716569.0,127985.0,379563.0,149507.0,RVW,NORTH TEES AND HARTLEPOOL NHS FOUNDATION TRUST,650580.0,759340.0,784840.0,846387.0,805636.0,844554.0,529070.0
231367.0,0.0,271001.0,0.0,272473.0,0.0,286518.0,0.0,254361.0,0.0,227792.0,3850.0,0.0,0.0,RVY,SOUTHPORT AND ORMSKIRK HOSPITAL NHS TRUST,231367.0,271001.0,272473.0,286518.0,254361.0,231642.0,0.0
0.0,214640.0,0.0,220007.0,0.0,153342.0,0.0,182304.0,0.0,200000.0,0.0,198493.0,0.0,197531.0,RW1,SOUTHERN HEALTH NHS FOUNDATION TRUST,214640.0,220007.0,153342.0,182304.0,200000.0,198493.0,197531.0
112458.0,0.0,500113.0,48479.0,1436700.0,289377.0,689399.0,168437.0,1098762.0,778761.0,0.0,267904.0,122705.0,197208.0,RW4,MERSEY CARE NHS FOUNDATION TRUST,112458.0,548592.0,1726077.0,857836.0,1877523.0,267904.0,319913.0
777466.0,0.0,796000.0,0.0,706318.0,0.0,0.0,0.0,0.0,0.0,0.0,0.0,0.0,0.0,RW5,LANCASHIRE CARE NHS FOUNDATION TRUST,777466.0,796000.0,706318.0,0.0,0.0,0.0,0.0
5801951.0,0.0,6004980.0,0.0,6492024.0,0.0,4895641.0,0.0,0.0,0.0,0.0,0.0,0.0,0.0,RW6,PENNINE ACUTE HOSPITALS NHS TRUST,5801951.0,6004980.0,6492024.0,4895641.0,0.0,0.0,0.0
1991457.0,68846.0,1993597.0,91209.0,0.0,0.0,0.0,0.0,0.0,0.0,0.0,0.0,0.0,0.0,RWA,HULL AND EAST YORKSHIRE HOSPITALS NHS TRUST,2060303.0,2084806.0,0.0,0.0,0.0,0.0,0.0
2618524.0,361510.0,2762657.0,350038.0,2747283.0,350048.0,2777661.0,428993.0,2869751.0,407548.0,2996812.0,459608.0,2941683.0,539012.0,RWD,UNITED LINCOLNSHIRE HOSPITALS NHS TRUST,2980034.0,3112695.0,3097331.0,3206654.0,3277299.0,3456420.0,3480695.0
1015608.0,463946.0,2021201.0,625606.0,2153872.0,621306.0,71895.0,601419.0,2171926.0,562297.0,2339561.0,805945.0,2455960.0,943096.0,RWE,UNIVERSITY HOSPITALS OF LEICESTER NHS TRUST,1479554.0,2646807.0,2775178.0,673314.0,2734223.0,3145506.0,3399056.0
2188770.0,272808.0,2352423.0,288475.0,1408714.0,1464795.0,1416207.0,1242204.0,1843237.0,1476676.0,1775957.0,1593800.0,1691851.0,1761785.0,RWF,MAIDSTONE AND TUNBRIDGE WELLS NHS TRUST,2461578.0,2640898.0,2873509.0,2658411.0,3319913.0,3369757.0,3453636.0
1027673.0,215760.0,1190841.0,251171.0,1106449.0,331296.0,1028924.0,351453.0,957332.0,461413.0,661617.0,972547.0,0.0,0.0,RWG,WEST HERTFORDSHIRE HOSPITALS NHS TRUST,1243433.0,1442012.0,1437745.0,1380377.0,1418745.0,1634164.0,0.0
682642.0,116037.0,822782.0,160000.0,2732174.0,172951.0,2866960.0,186746.0,3191918.0,196507.0,3405162.0,217039.0,3380886.0,259420.0,RWH,EAST AND NORTH HERTFORDSHIRE NHS TRUST,798679.0,982782.0,2905125.0,3053706.0,3388425.0,3622201.0,3640306.0
173.0,54385.0,366881.0,60846.0,436487.0,45817.0,1710665.0,16675.0,1725005.0,16109.0,1976378.0,15566.0,2247609.0,18311.0,RWJ,STOCKPORT NHS FOUNDATION TRUST,54558.0,427727.0,482304.0,1727340.0,1741114.0,1991944.0,2265920.0
35000.0,63588.0,0.0,63792.0,0.0,59945.0,0.0,62398.0,0.0,92561.0,0.0,126805.0,0.0,98676.0,RWK,EAST LONDON NHS FOUNDATION TRUST,98588.0,63792.0,59945.0,62398.0,92561.0,126805.0,98676.0
0.0,423683.0,0.0,409692.0,54411.0,514116.0,2000000.0,55000.0,1845942.0,67542.0,0.0,0.0,744478.0,102091.0,RWP,WORCESTERSHIRE ACUTE HOSPITALS NHS TRUST,423683.0,409692.0,568527.0,2055000.0,1913484.0,0.0,846569.0
0.0,39679.0,0.0,51000.0,0.0,0.0,0.0,0.0,0.0,70260.0,0.0,70260.0,0.0,0.0,RWR,HERTFORDSHIRE PARTNERSHIP NHS FOUNDATION TRUST,39679.0,51000.0,0.0,0.0,70260.0,70260.0,0.0
2397.0,51454.0,4511.0,48829.0,0.0,52719.0,0.0,53925.0,0.0,67101.0,0.0,61724.0,0.0,74393.0,RWV,DEVON PARTNERSHIP NHS TRUST,53851.0,53340.0,52719.0,53925.0,67101.0,61724.0,74393.0
625488.0,175770.0,646586.0,218739.0,0.0,0.0,0.0,0.0,0.0,0.0,0.0,0.0,0.0,0.0,RWW,WARRINGTON AND HALTON HOSPITALS NHS FOUNDATION TRUST,801258.0,865325.0,0.0,0.0,0.0,0.0,0.0
101278.0,104032.0,48744.0,176024.0,49616.0,76240.0,48920.0,40185.0,52902.0,43555.0,62591.0,53863.0,67690.0,63296.0,RWX,BERKSHIRE HEALTHCARE NHS FOUNDATION TRUST,205310.0,224768.0,125856.0,89105.0,96457.0,116454.0,130986.0
143000.0,12000.0,20704.0,13693.0,666106.0,15500.0,420000.0,15500.0,351600.0,12366.0,376149.0,13263.0,394539.0,14645.0,RWY,CALDERDALE AND HUDDERSFIELD NHS FOUNDATION TRUST,155000.0,34397.0,681606.0,435500.0,363966.0,389412.0,409184.0
0.0,1107738.0,0.0,855141.0,0.0,790761.0,0.0,502266.0,0.0,405689.0,0.0,374227.0,0.0,488132.0,RX1,NOTTINGHAM UNIVERSITY HOSPITALS NHS TRUST,1107738.0,855141.0,790761.0,502266.0,405689.0,374227.0,488132.0
101225.0,234863.0,0.0,218464.0,0.0,208449.0,0.0,184135.0,0.0,219792.0,0.0,187386.0,0.0,227961.0,RX2,SUSSEX PARTNERSHIP NHS FOUNDATION TRUST,336088.0,218464.0,208449.0,184135.0,219792.0,187386.0,227961.0
110624.0,198987.0,110624.0,198987.0,110624.0,198987.0,0.0,349000.0,0.0,349000.0,0.0,359061.0,180931.0,233487.0,RX3,"TEES, ESK AND WEAR VALLEYS NHS FOUNDATION TRUST",309611.0,309611.0,309611.0,349000.0,349000.0,359061.0,414418.0
15653.0,95958.0,14131.0,87790.0,0.0,0.0,0.0,0.0,0.0,0.0,0.0,0.0,0.0,0.0,RX4,"NORTHUMBERLAND, TYNE AND WEAR NHS FOUNDATION TRUST",111611.0,101921.0,0.0,0.0,0.0,0.0,0.0
0.0,0.0,0.0,0.0,0.0,0.0,0.0,0.0,0.0,0.0,0.0,0.0,0.0,0.0,RX6,NORTH EAST AMBULANCE SERVICE NHS FOUNDATION TRUST,0.0,0.0,0.0,0.0,0.0,0.0,0.0
0.0,0.0,0.0,0.0,0.0,0.0,0.0,0.0,0.0,0.0,0.0,0.0,0.0,0.0,RX7,NORTH WEST AMBULANCE SERVICE NHS TRUST,0.0,0.0,0.0,0.0,0.0,0.0,0.0
0.0,0.0,0.0,0.0,0.0,0.0,0.0,0.0,0.0,0.0,0.0,0.0,0.0,0.0,RX8,YORKSHIRE AMBULANCE SERVICE NHS TRUST,0.0,0.0,0.0,0.0,0.0,0.0,0.0
0.0,0.0,0.0,0.0,0.0,0.0,0.0,0.0,0.0,0.0,0.0,0.0,0.0,0.0,RX9,EAST MIDLANDS AMBULANCE SERVICE NHS TRUST,0.0,0.0,0.0,0.0,0.0,0.0,0.0
73075.0,74814.0,73075.0,89925.0,75480.0,69841.0,20165.0,65983.0,20165.0,65983.0,19253.0,94360.0,0.0,133968.0,RXA,CHESHIRE AND WIRRAL PARTNERSHIP NHS FOUNDATION TRUST,147889.0,163000.0,145321.0,86148.0,86148.0,113613.0,133968.0
1683879.0,961980.0,1349751.0,770423.0,1885165.0,873351.0,1891008.0,792189.0,2043228.0,806879.0,1263211.0,1163076.0,1272265.0,951526.0,RXC,EAST SUSSEX HEALTHCARE NHS TRUST,2645859.0,2120174.0,2758516.0,2683197.0,2850107.0,2426287.0,2223791.0
6715.0,93328.0,7000.0,65470.0,7000.0,57782.0,0.0,57997.0,0.0,47083.0,0.0,53976.0,0.0,59261.0,RXE,ROTHERHAM DONCASTER AND SOUTH HUMBER NHS FOUNDATION TRUST,100043.0,72470.0,64782.0,57997.0,47083.0,53976.0,59261.0
53155.0,859.0,53155.0,859.0,93580.0,3372.0,74776.0,54045.0,125685.0,87595.0,100188.0,78419.0,0.0,0.0,RXF,MID YORKSHIRE HOSPITALS NHS TRUST,54014.0,54014.0,96952.0,128821.0,213280.0,178607.0,0.0
87830.0,101290.0,76246.0,98463.0,138680.0,82103.0,103733.0,78149.0,113068.0,79963.0,113044.0,69378.0,90770.0,88315.0,RXG,SOUTH WEST YORKSHIRE PARTNERSHIP NHS FOUNDATION TRUST,189120.0,174709.0,220783.0,181882.0,193031.0,182422.0,179085.0
2517374.0,174209.0,2639371.0,178971.0,2629110.0,219980.0,3079293.0,131829.0,0.0,0.0,0.0,0.0,0.0,0.0,RXH,BRIGHTON AND SUSSEX UNIVERSITY HOSPITALS NHS TRUST,2691583.0,2818342.0,2849090.0,3211122.0,0.0,0.0,0.0
1109380.0,2397700.0,473933.0,1135351.0,361459.0,817116.0,254728.0,566709.0,240160.0,472240.0,250275.0,454700.0,289404.0,474050.0,RXK,SANDWELL AND WEST BIRMINGHAM HOSPITALS NHS TRUST,3507080.0,1609284.0,1178575.0,821437.0,712400.0,704975.0,763454.0
1429847.0,0.0,1581346.0,0.0,1784421.0,31075.0,1857881.0,77778.0,2005353.0,50519.0,2971883.0,80456.0,3398689.0,42271.0,RXL,BLACKPOOL TEACHING HOSPITALS NHS FOUNDATION TRUST,1429847.0,1581346.0,1815496.0,1935659.0,2055872.0,3052339.0,3440960.0
0.0,57579.0,0.0,63037.0,0.0,61809.0,0.0,61800.0,0.0,88523.0,0.0,83343.0,0.0,83343.0,RXM,DERBYSHIRE HEALTHCARE NHS FOUNDATION TRUST,57579.0,63037.0,61809.0,61800.0,88523.0,83343.0,83343.0
580438.0,15000.0,638021.0,19396.0,597726.0,25671.0,604986.0,20530.0,689919.0,499287.0,2092587.0,24629.0,2297300.0,22806.0,RXN,LANCASHIRE TEACHING HOSPITALS NHS FOUNDATION TRUST,595438.0,657417.0,623397.0,625516.0,1189206.0,2117216.0,2320106.0
0.0,506212.0,0.0,470989.0,0.0,443674.0,0.0,409303.0,0.0,429165.0,0.0,464261.0,0.0,489843.0,RXP,COUNTY DURHAM AND DARLINGTON NHS FOUNDATION TRUST,506212.0,470989.0,443674.0,409303.0,429165.0,464261.0,489843.0
1495869.0,0.0,1327077.0,0.0,1038961.0,0.0,1252856.0,0.0,1312183.0,0.0,0.0,0.0,0.0,0.0,RXQ,BUCKINGHAMSHIRE HEALTHCARE NHS TRUST,1495869.0,1327077.0,1038961.0,1252856.0,1312183.0,0.0,0.0
1878300.0,460128.0,1874925.0,546890.0,1859480.0,503708.0,2089804.0,571073.0,2053915.0,379779.0,2160548.0,542322.0,2160422.0,543780.0,RXR,EAST LANCASHIRE HOSPITALS NHS TRUST,2338428.0,2421815.0,2363188.0,2660877.0,2433694.0,2702870.0,2704202.0
406574.0,119000.0,355077.0,130000.0,449928.0,130000.0,429141.0,150000.0,451729.0,150000.0,538630.0,180916.0,631430.0,181956.0,RXT,BIRMINGHAM AND SOLIHULL MENTAL HEALTH NHS FOUNDATION TRUST,525574.0,485077.0,579928.0,579141.0,601729.0,719546.0,813386.0
54632.0,120000.0,54677.0,120000.0,54677.0,120000.0,50933.0,123744.0,50933.0,129148.0,0.0,131985.0,0.0,160649.0,RXV,GREATER MANCHESTER MENTAL HEALTH NHS FOUNDATION TRUST,174632.0,174677.0,174677.0,174677.0,180081.0,131985.0,160649.0
322545.0,28570.0,450000.0,28800.0,531000.0,22505.0,541500.0,87825.0,553840.0,87825.0,664235.0,313353.0,896441.0,243533.0,RXW,SHREWSBURY AND TELFORD HOSPITAL NHS TRUST,351115.0,478800.0,553505.0,629325.0,641665.0,977588.0,1139974.0
200000.0,300000.0,210000.0,310000.0,100000.0,100000.0,0.0,100.0,0.0,100.0,0.0,60000.0,0.0,60000.0,RXX,SURREY AND BORDERS PARTNERSHIP NHS FOUNDATION TRUST,500000.0,520000.0,200000.0,100.0,100.0,60000.0,60000.0
0.0,124000.0,793398.0,163716.0,603269.0,169360.0,604650.0,119365.0,105970.0,116837.0,125527.0,131156.0,129846.0,137071.0,RXY,KENT AND MEDWAY NHS AND SOCIAL CARE PARTNERSHIP TRUST,124000.0,957114.0,772629.0,724015.0,222807.0,256683.0,266917.0
0.0,136873.0,0.0,91832.0,0.0,96032.0,0.0,145585.0,0.0,116636.0,0.0,91990.0,0.0,0.0,RY2,BRIDGEWATER COMMUNITY HEALTHCARE NHS TRUST,136873.0,91832.0,96032.0,145585.0,116636.0,91990.0,0.0
157366.0,0.0,0.0,17354.0,0.0,22516.0,0.0,15837.0,0.0,19305.0,0.0,20239.0,497.0,13698.0,RY3,NORFOLK COMMUNITY HEALTH AND CARE NHS TRUST,157366.0,17354.0,22516.0,15837.0,19305.0,20239.0,14195.0
0.0,31925.0,0.0,54550.0,0.0,20748.0,0.0,20645.0,0.0,20645.0,0.0,41943.0,0.0,41000.0,RY4,HERTFORDSHIRE COMMUNITY NHS TRUST,31925.0,54550.0,20748.0,20645.0,20645.0,41943.0,41000.0
3323.0,3300.0,3521.0,28147.0,2124.0,12503.0,15183.0,13360.0,119.0,670.0,0.0,13000.0,0.0,13163.0,RY5,LINCOLNSHIRE COMMUNITY HEALTH SERVICES NHS TRUST,6623.0,31668.0,14627.0,28543.0,789.0,13000.0,13163.0
352106.0,80005.0,0.0,96288.0,0.0,89628.0,0.0,95306.0,0.0,99159.0,0.0,124773.0,101542.0,0.0,RY6,LEEDS COMMUNITY HEALTHCARE NHS TRUST,432111.0,96288.0,89628.0,95306.0,99159.0,124773.0,101542.0
0.0,0.0,0.0,0.0,0.0,59803.0,0.0,0.0,0.0,0.0,0.0,0.0,0.0,0.0,RY7,WIRRAL COMMUNITY NHS FOUNDATION TRUST,0.0,0.0,59803.0,0.0,0.0,0.0,0.0
93600.0,61709.0,96127.0,77000.0,770428.0,102000.0,770428.0,89529.0,770428.0,72480.0,750428.0,94668.0,0.0,0.0,RY8,DERBYSHIRE COMMUNITY HEALTH SERVICES NHS TRUST,155309.0,173127.0,872428.0,859957.0,842908.0,845096.0,0.0
37696.0,17222.0,38827.0,18171.0,39409.0,22900.0,39409.0,23814.0,40198.0,0.0,43695.0,22852.0,47496.0,21370.0,RY9,HOUNSLOW AND RICHMOND COMMUNITY HEALTHCARE NHS TRUST,54918.0,56998.0,62309.0,63223.0,40198.0,66547.0,68866.0
0.0,0.0,0.0,0.0,0.0,0.0,0.0,0.0,0.0,0.0,0.0,0.0,0.0,0.0,RYA,WEST MIDLANDS AMBULANCE SERVICE NHS FOUNDATION TRUST,0.0,0.0,0.0,0.0,0.0,0.0,0.0
0.0,0.0,0.0,0.0,0.0,0.0,0.0,0.0,0.0,0.0,0.0,0.0,0.0,0.0,RYC,EAST OF ENGLAND AMBULANCE SERVICE NHS TRUST,0.0,0.0,0.0,0.0,0.0,0.0,0.0
0.0,0.0,0.0,0.0,0.0,0.0,0.0,0.0,0.0,0.0,0.0,0.0,0.0,0.0,RYD,SOUTH EAST COAST AMBULANCE SERVICE NHS FOUNDATION TRUST,0.0,0.0,0.0,0.0,0.0,0.0,0.0
0.0,0.0,0.0,0.0,0.0,0.0,0.0,0.0,0.0,0.0,0.0,0.0,0.0,0.0,RYE,SOUTH CENTRAL AMBULANCE SERVICE NHS FOUNDATION TRUST,0.0,0.0,0.0,0.0,0.0,0.0,0.0
0.0,0.0,0.0,0.0,0.0,0.0,0.0,0.0,0.0,0.0,0.0,0.0,0.0,0.0,RYF,SOUTH WESTERN AMBULANCE SERVICE NHS FOUNDATION TRUST,0.0,0.0,0.0,0.0,0.0,0.0,0.0
0.0,120322.0,0.0,122836.0,0.0,144000.0,0.0,158300.0,0.0,154040.0,0.0,162000.0,0.0,156500.0,RYG,COVENTRY AND WARWICKSHIRE PARTNERSHIP NHS TRUST,120322.0,122836.0,144000.0,158300.0,154040.0,162000.0,156500.0
3472000.0,409000.0,2950000.0,409000.0,2071886.0,927376.0,2243474.0,704784.0,1982038.0,696568.0,1761434.0,745205.0,925434.0,745205.0,RYJ,IMPERIAL COLLEGE HEALTHCARE NHS TRUST,3881000.0,3359000.0,2999262.0,2948258.0,2678606.0,2506639.0,1670639.0
111532.0,79352.0,197336.0,69117.0,112273.0,70517.0,0.0,0.0,0.0,0.0,0.0,0.0,0.0,0.0,RYK,DUDLEY AND WALSALL MENTAL HEALTH PARTNERSHIP NHS TRUST,190884.0,266453.0,182790.0,0.0,0.0,0.0,0.0
2708018.0,30000.0,2481402.0,58000.0,2418225.0,53734.0,2137945.0,12986.0,0.0,0.0,0.0,0.0,0.0,0.0,RYR,WESTERN SUSSEX HOSPITALS NHS FOUNDATION TRUST,2738018.0,2539402.0,2471959.0,2150931.0,0.0,0.0,0.0
0.0,41689.0,11641.0,50835.0,11892.0,100000.0,12982.0,100000.0,13714.0,92566.0,11491.0,120393.0,16019.0,140990.0,RYV,CAMBRIDGESHIRE COMMUNITY SERVICES NHS TRUST,41689.0,62476.0,111892.0,112982.0,106280.0,131884.0,157009.0
0.0,0.0,0.0,0.0,0.0,0.0,0.0,0.0,0.0,0.0,0.0,0.0,0.0,0.0,RYW,BIRMINGHAM COMMUNITY HEALTHCARE NHS FOUNDATION TRUST,0.0,0.0,0.0,0.0,0.0,0.0,0.0
246020.0,38828.0,225690.0,42560.0,226512.0,26842.0,234623.0,27242.0,249527.0,28740.0,264750.0,20000.0,259800.0,21457.0,RYX,CENTRAL LONDON COMMUNITY HEALTHCARE NHS TRUST,284848.0,268250.0,253354.0,261865.0,278267.0,284750.0,281257.0
428269.0,125000.0,21261.0,130000.0,141498.0,146281.0,152232.0,107807.0,0.0,89364.0,0.0,79826.0,0.0,85212.0,RYY,KENT COMMUNITY HEALTH NHS FOUNDATION TRUST,553269.0,151261.0,287779.0,260039.0,89364.0,79826.0,85212.0
53000.0,80000.0,53000.0,80000.0,144308.0,80000.0,144308.0,61932.0,76580.0,65650.0,80409.0,77922.0,81427.0,74209.0,TAD,BRADFORD DISTRICT CARE NHS FOUNDATION TRUST,133000.0,133000.0,224308.0,206240.0,142230.0,158331.0,155636.0
27460.0,55000.0,28620.0,55000.0,31895.0,55000.0,32213.0,55000.0,33248.0,56000.0,34943.0,58520.0,35632.0,59413.0,TAF,CAMDEN AND ISLINGTON NHS FOUNDATION TRUST,82460.0,83620.0,86895.0,87213.0,89248.0,93463.0,95045.0
0.0,0.0,0.0,0.0,0.0,0.0,0.0,0.0,0.0,0.0,0.0,0.0,0.0,0.0,TAH,SHEFFIELD HEALTH AND SOCIAL CARE NHS FOUNDATION TRUST,0.0,0.0,0.0,0.0,0.0,0.0,0.0
391918.0,87910.0,403005.0,99720.0,508832.0,54642.0,0.0,0.0,0.0,0.0,0.0,0.0,0.0,0.0,TAJ,BLACK COUNTRY PARTNERSHIP NHS FOUNDATION TRUST,479828.0,502725.0,563474.0,0.0,0.0,0.0,0.0
0.0,0.0,0.0,0.0,0.0,0.0,0.0,0.0,0.0,0.0,651088.0,309358.0,1154972.0,528858.0,R0B,SOUTH TYNESIDE AND SUNDERLAND NHS FOUNDATION TRUST,0.0,0.0,0.0,0.0,0.0,960446.0,1683830.0
0.0,0.0,0.0,0.0,0.0,0.0,1052080.0,989106.0,1269710.0,477552.0,1243808.0,460039.0,1318124.0,227047.0,R0D,UNIVERSITY HOSPITALS DORSET NHS FOUNDATION TRUST,0.0,0.0,0.0,2041186.0,1747262.0,1703847.0,1545171.0
0.0,0.0,0.0,0.0,0.0,0.0,0.0,0.0,147636.0,211261.0,155015.0,221822.0,187229.0,123636.0,R1A,HEREFORDSHIRE AND WORCESTERSHIRE HEALTH AND CARE NHS TRUST,0.0,0.0,0.0,0.0,358897.0,376837.0,310865.0
0.0,0.0,0.0,0.0,0.0,0.0,0.0,0.0,0.0,0.0,0.0,0.0,2404796.0,795716.0,R1K,LONDON NORTH WEST UNIVERSITY HEALTHCARE NHS TRUST,0.0,0.0,0.0,0.0,0.0,0.0,3200512.0
0.0,0.0,0.0,0.0,0.0,0.0,943867.0,190350.0,194083.0,936688.0,1007054.0,232243.0,3180721.0,253013.0,RA7,UNIVERSITY HOSPITALS BRISTOL AND WESTON NHS FOUNDATION TRUST,0.0,0.0,0.0,1134217.0,1130771.0,1239297.0,3433734.0
0.0,0.0,0.0,0.0,0.0,0.0,0.0,0.0,0.0,0.0,0.0,0.0,2371652.0,49464.0,RA9,TORBAY AND SOUTH DEVON NHS FOUNDATION TRUST,0.0,0.0,0.0,0.0,0.0,0.0,2421116.0
0.0,0.0,0.0,0.0,0.0,0.0,3370927.0,299386.0,3321950.0,239415.0,3716877.0,361334.0,4001479.0,419000.0,RAJ,MID AND SOUTH ESSEX NHS FOUNDATION TRUST,0.0,0.0,0.0,3670313.0,3561365.0,4078211.0,4420479.0
0.0,0.0,0.0,0.0,0.0,0.0,0.0,0.0,0.0,0.0,0.0,0.0,529095.0,61934.0,RBN,MERSEY AND WEST LANCASHIRE TEACHING HOSPITALS NHS TRUST,0.0,0.0,0.0,0.0,0.0,0.0,591029.0
0.0,0.0,0.0,0.0,0.0,0.0,0.0,0.0,0.0,0.0,0.0,0.0,0.0,47344.0,RBQ,LIVERPOOL HEART AND CHEST HOSPITAL NHS FOUNDATION TRUST,0.0,0.0,0.0,0.0,0.0,0.0,47344.0
0.0,0.0,0.0,0.0,0.0,0.0,1623839.0,289075.0,131610.0,436465.0,160758.0,497708.0,183411.0,467887.0,RC9,BEDFORDSHIRE HOSPITALS NHS FOUNDATION TRUST,0.0,0.0,0.0,1912914.0,568075.0,658466.0,651298.0
0.0,0.0,0.0,0.0,0.0,0.0,0.0,0.0,2048109.0,245148.0,2032564.0,0.0,2383687.0,127042.0,RCB,YORK AND SCARBOROUGH TEACHING HOSPITALS NHS FOUNDATION TRUST,0.0,0.0,0.0,0.0,2293257.0,2032564.0,2510729.0
0.0,0.0,0.0,0.0,0.0,0.0,0.0,0.0,0.0,0.0,0.0,0.0,668217.0,8576.0,RD8,MILTON KEYNES UNIVERSITY HOSPITAL NHS FOUNDATION TRUST,0.0,0.0,0.0,0.0,0.0,0.0,676793.0
0.0,0.0,0.0,0.0,0.0,0.0,0.0,0.0,0.0,0.0,0.0,89619.0,0.0,381388.0,RDY,DORSET HEALTHCARE UNIVERSITY NHS FOUNDATION TRUST,0.0,0.0,0.0,0.0,0.0,89619.0,381388.0
0.0,0.0,0.0,0.0,78165.0,58981.0,1435012.0,101922.0,1646581.0,1646581.0,144750.0,1534829.0,0.0,1120134.0,REM,LIVERPOOL UNIVERSITY HOSPITALS NHS FOUNDATION TRUST,0.0,0.0,137146.0,1536934.0,3293162.0,1679579.0,1120134.0
0.0,0.0,0.0,0.0,0.0,0.0,0.0,0.0,0.0,0.0,347950.0,88119.0,380280.0,100064.0,RGD,LEEDS AND YORK PARTNERSHIP NHS FOUNDATION TRUST,0.0,0.0,0.0,0.0,0.0,436069.0,480344.0
0.0,0.0,0.0,0.0,0.0,0.0,12960.0,66220.0,0.0,879134.0,0.0,836686.0,0.0,1598190.0,RH5,SOMERSET NHS FOUNDATION TRUST,0.0,0.0,0.0,79180.0,879134.0,836686.0,1598190.0
0.0,0.0,0.0,0.0,0.0,0.0,0.0,0.0,0.0,0.0,905568.0,216079.0,1084738.0,23295.0,RH8,ROYAL DEVON UNIVERSITY HEALTHCARE NHS FOUNDATION TRUST,0.0,0.0,0.0,0.0,0.0,1121647.0,1108033.0
0.0,0.0,0.0,0.0,0.0,0.0,994328.0,398479.0,909292.0,367425.0,895827.0,455678.0,917388.0,427311.0,RHU,PORTSMOUTH HOSPITALS UNIVERSITY NHS TRUST,0.0,0.0,0.0,1392807.0,1276717.0,1351505.0,1344699.0
0.0,0.0,0.0,0.0,0.0,0.0,0.0,0.0,0.0,0.0,961188.0,108796.0,961188.0,130902.0,RJC,SOUTH WARWICKSHIRE UNIVERSITY NHS FOUNDATION TRUST,0.0,0.0,0.0,0.0,0.0,1069984.0,1092090.0
0.0,0.0,0.0,0.0,0.0,0.0,0.0,0.0,0.0,0.0,0.0,0.0,1008677.0,343478.0,RJE,UNIVERSITY HOSPITALS OF NORTH MIDLANDS NHS TRUST,0.0,0.0,0.0,0.0,0.0,0.0,1352155.0
0.0,0.0,0.0,0.0,0.0,0.0,0.0,0.0,6385478.0,233237.0,6898390.0,2498492.0,6898390.0,2498492.0,RM3,NORTHERN CARE ALLIANCE NHS FOUNDATION TRUST,0.0,0.0,0.0,0.0,6618715.0,9396882.0,9396882.0
0.0,0.0,0.0,0.0,1060178.0,68916.0,932173.0,79338.0,847254.0,93515.0,825434.0,102051.0,863821.0,111844.0,RMP,TAMESIDE AND GLOSSOP INTEGRATED CARE NHS FOUNDATION TRUST,0.0,0.0,1129094.0,1011511.0,940769.0,927485.0,975665.0
0.0,0.0,0.0,0.0,2240627.0,167675.0,2126979.0,148076.0,2008324.0,181364.0,2127842.0,188253.0,2108094.0,163424.0,RNN,NORTH CUMBRIA INTEGRATED CARE NHS FOUNDATION TRUST,0.0,0.0,2408302.0,2275055.0,2189688.0,2316095.0,2271518.0
0.0,0.0,0.0,0.0,0.0,0.0,0.0,0.0,0.0,0.0,0.0,344932.0,0.0,401099.0,RQX,HOMERTON HEALTHCARE NHS FOUNDATION TRUST,0.0,0.0,0.0,0.0,0.0,344932.0,401099.0
0.0,0.0,0.0,0.0,0.0,0.0,0.0,0.0,0.0,0.0,0.0,0.0,1385012.0,604585.0,RRV,UNIVERSITY COLLEGE LONDON HOSPITALS NHS FOUNDATION TRUST,0.0,0.0,0.0,0.0,0.0,0.0,1989597.0
0.0,0.0,0.0,0.0,691640.0,39031.0,115638.0,111500.0,520733.0,111500.0,545988.0,42500.0,547365.0,64799.0,RTQ,GLOUCESTERSHIRE HEALTH AND CARE NHS FOUNDATION TRUST,0.0,0.0,730671.0,227138.0,632233.0,588488.0,612164.0
0.0,0.0,0.0,0.0,0.0,0.0,725070.0,0.0,736521.0,0.0,684000.0,0.0,698562.0,0.0,RW5,LANCASHIRE & SOUTH CUMBRIA NHS FOUNDATION TRUST,0.0,0.0,0.0,725070.0,736521.0,684000.0,698562.0
0.0,0.0,0.0,0.0,2059353.0,88868.0,2139592.0,118600.0,2555774.0,183330.0,1754383.0,145070.0,1751670.0,141463.0,RWA,HULL UNIVERSITY TEACHING HOSPITALS NHS TRUST,0.0,0.0,2148221.0,2258192.0,2739104.0,1899453.0,1893133.0
0.0,0.0,0.0,0.0,0.0,0.0,0.0,0.0,0.0,0.0,0.0,0.0,497663.0,625714.0,RWG,WEST HERTFORDSHIRE TEACHING HOSPITALS NHS TRUST,0.0,0.0,0.0,0.0,0.0,0.0,1123377.0
0.0,0.0,0.0,0.0,0.0,0.0,0.0,0.0,0.0,0.0,0.0,0.0,0.0,0.0,RWR,HERTFORDSHIRE PARTNERSHIP UNIVERSITY NHS FOUNDATION TRUST,0.0,0.0,0.0,0.0,0.0,0.0,0.0
0.0,0.0,0.0,0.0,660658.0,262955.0,566211.0,294353.0,470504.0,133781.0,508691.0,286581.0,483209.0,326837.0,RWW,WARRINGTON AND HALTON TEACHING HOSPITALS NHS FOUNDATION TRUST,0.0,0.0,923613.0,860564.0,604285.0,795272.0,810046.0
0.0,0.0,0.0,0.0,34390.0,101418.0,49424.0,155192.0,55416.0,95038.0,55715.0,145140.0,67024.0,118939.0,RX4,"CUMBRIA, NORTHUMBERLAND, TYNE AND WEAR NHS FOUNDATION TRUST",0.0,0.0,135808.0,204616.0,150454.0,200855.0,185963.0
0.0,0.0,0.0,0.0,0.0,0.0,0.0,0.0,0.0,0.0,0.0,0.0,143527.0,79414.0,RXF,MID YORKSHIRE TEACHING NHS TRUST,0.0,0.0,0.0,0.0,0.0,0.0,222941.0
0.0,0.0,0.0,0.0,0.0,0.0,0.0,0.0,0.0,0.0,0.0,0.0,0.0,63360.0,RY2,BRIDGEWATER COMMUNITY HEALTHCARE NHS FOUNDATION TRUST,0.0,0.0,0.0,0.0,0.0,0.0,63360.0
0.0,0.0,0.0,0.0,0.0,0.0,0.0,33777.0,0.0,34090.0,0.0,31282.0,0.0,46755.0,RY7,WIRRAL COMMUNITY HEALTH AND CARE NHS FOUNDATION TRUST,0.0,0.0,0.0,33777.0,34090.0,31282.0,46755.0
0.0,0.0,0.0,0.0,0.0,0.0,0.0,0.0,0.0,0.0,0.0,0.0,750428.0,94668.0,RY8,DERBYSHIRE COMMUNITY HEALTH SERVICES NHS FOUNDATION TRUST,0.0,0.0,0.0,0.0,0.0,0.0,845096.0
0.0,0.0,0.0,0.0,0.0,0.0,0.0,0.0,0.0,0.0,0.0,0.0,0.0,0.0,RYA,WEST MIDLANDS AMBULANCE SERVICE UNIVERSITY NHS FOUNDATION TRUST,0.0,0.0,0.0,0.0,0.0,0.0,0.0
0.0,0.0,0.0,0.0,0.0,0.0,0.0,0.0,2122849.0,3068085.0,2041126.0,2721185.0,2280255.0,3200340.0,RYR,UNIVERSITY HOSPITALS SUSSEX NHS FOUNDATION TRUST,0.0,0.0,0.0,0.0,5190934.0,4762311.0,5480595.0
0.0,0.0,0.0,0.0,0.0,0.0,600840.0,121503.0,505687.0,130805.0,578078.0,162320.0,330800.0,128901.0,TAJ,BLACK COUNTRY HEALTHCARE NHS FOUNDATION TRUST,0.0,0.0,0.0,722343.0,636492.0,740398.0,459701.0
0.0,0.0,0.0,0.0,0.0,0.0,0.0,0.0,0.0,0.0,0.0,0.0,0.0,0.0,0,0,0.0,0.0,0.0,0.0,0.0,0.0,0.0
0.0,0.0,0.0,0.0,1703707.0,305675.0,1141689.0,474199.0,687573.0,306977.0,0.0,0.0,0.0,0.0,R0B,SOUTH TYNESIDE AND SUNDERLAND NHS FOUNDATION TRUST ,0.0,0.0,2009382.0,1615888.0,994550.0,0.0,0.0
150887.0,72767.0,0.0,0.0,0.0,0.0,0.0,0.0,0.0,0.0,0.0,0.0,0.0,0.0,R1E,STAFFORDSHIRE AND STOKE ON TRENT PARTNERSHIP NHS TRUST,223654.0,0.0,0.0,0.0,0.0,0.0,0.0
67039.0,64894.0,0.0,0.0,0.0,0.0,0.0,0.0,0.0,0.0,0.0,0.0,0.0,0.0,RDE,COLCHESTER HOSPITAL UNIVERSITY NHS FOUNDATION TRUST,131933.0,0.0,0.0,0.0,0.0,0.0,0.0
851261.0,84521.0,0.0,0.0,0.0,0.0,0.0,0.0,0.0,0.0,0.0,0.0,0.0,0.0,RGQ,IPSWICH HOSPITAL NHS TRUST,935782.0,0.0,0.0,0.0,0.0,0.0,0.0
1240118.0,59882.0,0.0,0.0,0.0,0.0,0.0,0.0,0.0,0.0,0.0,0.0,0.0,0.0,RJF,BURTON HOSPITALS NHS FOUNDATION TRUST,1300000.0,0.0,0.0,0.0,0.0,0.0,0.0
0.0,1110228.0,0.0,0.0,0.0,0.0,0.0,0.0,0.0,0.0,0.0,0.0,0.0,0.0,RK9,PLYMOUTH HOSPITALS NHS TRUST,1110228.0,0.0,0.0,0.0,0.0,0.0,0.0
54891.0,133705.0,0.0,0.0,0.0,0.0,0.0,0.0,0.0,0.0,0.0,0.0,0.0,0.0,RKL,WEST LONDON MENTAL HEALTH NHS TRUST,188596.0,0.0,0.0,0.0,0.0,0.0,0.0
2156926.0,520358.0,0.0,0.0,0.0,0.0,0.0,0.0,0.0,0.0,0.0,0.0,0.0,0.0,RR1,HEART OF ENGLAND NHS FOUNDATION TRUST,2677284.0,0.0,0.0,0.0,0.0,0.0,0.0
0.0,1479.0,0.0,0.0,0.0,0.0,0.0,0.0,0.0,0.0,0.0,0.0,0.0,0.0,RRE,SOUTH STAFFORDSHIRE  AND SHROPSHIRE HEALTHCARE NHS FOUNDATION TRUST,1479.0,0.0,0.0,0.0,0.0,0.0,0.0
1678907.0,15726.0,0.0,0.0,0.0,0.0,0.0,0.0,0.0,0.0,0.0,0.0,0.0,0.0,RRK,UNIVERSITY HOSPITAL BIRMINGHAM NHS FOUNDATION TRUST,1694633.0,0.0,0.0,0.0,0.0,0.0,0.0
2586873.0,245984.0,0.0,0.0,0.0,0.0,0.0,0.0,0.0,0.0,0.0,0.0,0.0,0.0,RTG,DERBY TEACHING HOSPITALS NHS FOUNDATION TRUST,2832857.0,0.0,0.0,0.0,0.0,0.0,0.0
72357.0,97537.0,0.0,0.0,0.0,0.0,0.0,0.0,0.0,0.0,0.0,0.0,0.0,0.0,RV9,HUMBER NHS FOUNDATION TRUST,169894.0,0.0,0.0,0.0,0.0,0.0,0.0
106672.0,8921.0,0.0,0.0,0.0,0.0,0.0,0.0,0.0,0.0,0.0,0.0,0.0,0.0,RY1,LIVERPOOL COMMUNITY HEALTH NHS TRUST,115593.0,0.0,0.0,0.0,0.0,0.0,0.0
